"MemberID","ZipCode","DOB","FirstName","LastName"
"6","01581","1933-10-08","CAROL                         ","CAMPBELL                                "
"7","01569","1946-04-16","HARRY                         ","CRUZ                                    "
"8","01607","1939-03-26","HANNAH                        ","HALE                                    "
"9","01005","1966-06-10","GERALDINE                     ","MALCOLM                                 "
"10","01420","1918-07-27","SONIA                         ","RODENHISER                              "
"11","01432","1994-02-07","ABIGAIL                       ","VALLEY                                  "
"12","01420","1948-01-01","ROBERT                        ","STOCKHAUS                               "
"13","01527","1983-12-06","LINDA                         ","MELLO                                   "
"14","02715","1947-07-11","MICHELLE                      ","MELLO                                   "
"15","02715","1936-02-21","HOPE                          ","O'COIN                                  "
"16","01562","1934-10-29","ALICE                         ","ALBERTINI                               "
"17","01752","1948-01-14","CHARLES                       ","DURKIN                                  "
"18","01566","1925-08-01","JOANNE                        ","HAMERLY                                 "
"19","01566","1968-01-08","ELSIE                         ","BRYCE                                   "
"20","01752","1948-03-01","JAMES                         ","DUBIE                                   "
"21","01523","1947-08-14","JOANNE                        ","MCMAHON JR                              "
"22","01570","1939-07-19","KATHLEEN                      ","JUSSEAUME                               "
"23","01752","1970-02-15","ELRID                         ","BROWN                                   "
"24","01581","1927-04-27","ROBERT                        ","CHAPUT                                  "
"25","01569","1938-09-23","HELENE                        ","PLANTE                                  "
"26","01569","1942-01-02","ANNMARIE                      ","SHERIDAN                                "
"27","01569","1924-05-13","ANN                           ","GIARD                                   "
"28","01606","1936-09-12","DOROTHY                       ","GRAVES                                  "
"29","01468","1944-04-06","ROSE MARIE                    ","GANIAS                                  "
"30","01609","1936-02-19","MARTHA                        ","PRODROMIDIS                             "
"31","01609","1949-01-17","HOWARD                        ","PRODROMIDIS                             "
"32","01609","1948-09-30","HELEN                         ","COOPER                                  "
"33","01609","1940-05-20","ELENI                         ","MCINTYRE                                "
"34","01588","1947-05-23","KONSTANTIN                    ","COLLINS                                 "
"35","01440","1966-08-18","ALAN                          ","CARLSON                                 "
"36","01452","1975-10-22","HEIDI                         ","AMEZCUA                                 "
"37","01420","1940-11-07","STACEY                        ","GOYETTE                                 "
"38","01527","1947-11-16","CATHERINE                     ","SPAULDING                               "
"39","01527","1936-01-20","CRISTOBAL                     ","TABOR                                   "
"40","01527","1945-08-30","PATSY                         ","LANE                                    "
"41","01604","1944-12-19","JUDITH                        ","SNYDER                                  "
"42","01520","1945-04-30","JAMES                         ","MORALES                                 "
"43","01749","1930-06-28","PATRICIA                      ","TORRES                                  "
"44","01749","1942-02-26","KATHERINE                     ","WEAGLE                                  "
"45","01749","1963-10-17","BARBARA                       ","SACCO                                   "
"46","01545","1920-06-30","JOHNNY                        ","FERENCHICK                              "
"47","01532","1931-09-28","FRANCIS                       ","MADAIO                                  "
"48","01501","1947-08-01","MICHAEL                       ","WING                                    "
"49","01752","1944-12-28","JANICE                        ","EMMONS                                  "
"50","01005","1941-03-17","SHIRLEY                       ","OLSON                                   "
"51","34748","1944-04-02","GEORGE                        ","RUTH                                    "
"52","01561","1953-05-14","JUDITH                        ","KILBOURN                                "
"53","01561","1940-01-08","FERN                          ","EBERT                                   "
"54","01068","1943-01-09","SANDRA                        ","TASHJIAN                                "
"55","01583","1947-02-16","GAIL                          ","PAGAN                                   "
"56","01605","1930-02-04","ELAINE                        ","WHITTEN                                 "
"57","01608","1987-07-10","ROBERT                        ","KUFFOUR                                 "
"58","01610","1947-10-28","RICHARD                       ","TITUS                                   "
"59","01507","1949-09-12","DAVID                         ","SACCO JR                                "
"60","01501","1925-01-24","BENNETTA                      ","BURNS                                   "
"61","01603","1938-12-07","NANCY                         ","SODANO                                  "
"62","01604","1943-05-02","JAMES                         ","FELIX-MUNET                             "
"63","01610","1928-04-03","BARBARA                       ","MARKEY                                  "
"64","02019","1952-04-05","GRACE                         ","SPECK                                   "
"65","01605","1917-03-24","ZENON                         ","CHESBROUGH                              "
"66","01473","1991-07-11","MARY                          ","PEABODY                                 "
"67","01420","1937-10-29","ARIEL                         ","HAUSMAN                                 "
"68","01420","1927-06-16","JANET                         ","WOODCOME                                "
"69","01420","1948-05-04","PRISCILLA                     ","TEJA                                    "
"70","06281","1946-08-13","ADELE                         ","SCHILLING                               "
"71","01532","1935-07-17","EDMOND                        ","ROEMER                                  "
"72","01571","1949-10-28","TEODOR                        ","SIART                                   "
"73","01420","1951-06-05","JOSEPH                        ","HAMDAN                                  "
"74","01606","1936-03-06","DALE                          ","AZZAM                                   "
"75","01606","1944-01-01","YVONNE                        ","HEDENBURG                               "
"76","01606","1939-12-15","BADRIEH                       ","ARMSTRONG                               "
"77","01583","1928-01-03","ABDELRAOUF                    ","TANT                                    "
"78","01527","1944-12-11","KENNETH                       ","CONROY                                  "
"79","01612","1947-07-01","ROBERT                        ","FREEMAN                                 "
"80","01541","1987-09-15","DOUGLAS                       ","ENTWISTLE                               "
"81","01606","1938-06-13","JOHN                          ","ENTWISTLE                               "
"82","01606","1931-09-09","WILLIAM                       ","WILSON                                  "
"83","01507","1957-11-08","ANTOINETTE                    ","LUCAS                                   "
"84","01604","1985-11-03","WILLIAM                       ","KERNS                                   "
"85","01581","1946-08-27","JAMIE                         ","BACKUS                                  "
"86","01566","1945-01-16","JANICE                        ","DANIELS                                 "
"87","01566","1931-11-18","DAVID                         ","FRENCH                                  "
"88","01566","1970-10-13","JAMES                         ","MORRISSEAU                              "
"89","01566","1944-04-23","JULIE                         ","MACDONALD                               "
"90","01566","1941-11-02","DUDLEY                        ","NORRIS                                  "
"91","01566","1953-12-19","RITA                          ","JOYAL                                   "
"92","01566","1956-08-01","JAMES                         ","SMITH                                   "
"93","01566","1955-07-27","ANN                           ","DRAINONI                                "
"94","01566","1963-10-16","WALLACE                       ","MORIN                                   "
"95","01566","1968-09-28","ROBIN                         ","BROWN                                   "
"96","01566","1972-11-15","RICHARD                       ","SENEY                                   "
"97","01566","1947-10-09","JASON                         ","COHEN                                   "
"98","01566","1956-11-21","DAVID                         ","MCGRATH                                 "
"99","01566","1939-07-30","LINDA                         ","GAUTHIER                                "
"100","01566","1953-06-04","HOWARD                        ","BERNARD                                 "
"100","01566","1953-06-05","HOWRD","BENARD"
